<?xml version="1.0" encoding="UTF-8"?>
<project-private xmlns="http://www.netbeans.org/ns/project-private/1">
    <editor-bookmarks xmlns="http://www.netbeans.org/ns/editor-bookmarks/2" lastBookmarkId="0"/>
    <open-files xmlns="http://www.netbeans.org/ns/projectui-open-files/2">
        <group>
            <file>file:/C:/Users/Administrator/Documents/NetBeansProjects/PembayaranSPP/src/pembayaranspp/icons8-available-updates-24.png</file>
            <file>file:/C:/Users/Administrator/Documents/NetBeansProjects/PembayaranSPP/src/pembayaranspp/kelas.java</file>
            <file>file:/C:/Users/Administrator/Documents/NetBeansProjects/PembayaranSPP/src/pembayaranspp/laporan.java</file>
            <file>file:/C:/Users/Administrator/Documents/NetBeansProjects/PembayaranSPP/src/pembayaranspp/history.java</file>
            <file>file:/C:/Users/Administrator/Documents/NetBeansProjects/PembayaranSPP/src/pembayaranspp/PembayaranSPP.java</file>
            <file>file:/C:/Users/Administrator/Documents/NetBeansProjects/PembayaranSPP/src/pembayaranspp/featured_channel-removebg-preview.png</file>
            <file>file:/C:/Users/Administrator/Documents/NetBeansProjects/PembayaranSPP/src/pembayaranspp/laporan%20bayar.jrxml</file>
            <file>file:/C:/Users/Administrator/Documents/NetBeansProjects/PembayaranSPP/src/pembayaranspp/icons8-search-more-24.png</file>
            <file>file:/C:/Users/Administrator/Documents/NetBeansProjects/PembayaranSPP/src/pembayaranspp/pembayaran.java</file>
            <file>file:/C:/Users/Administrator/Documents/NetBeansProjects/PembayaranSPP/src/pembayaranspp/login.java</file>
        </group>
    </open-files>
</project-private>
